{
  "model": "GNN",
  "dataset": "Cora",
  "activation": "ReLU",
  "test_accuracy": 0.735,
  "final_train_accuracy": 0.6071428571428571,
  "final_val_accuracy": 0.712,
  "final_train_loss": 0.9342267513275146,
  "final_val_loss": 1.1776211261749268,
  "total_epochs": 200,
  "warmup_epochs": 10,
  "timing_epochs": 190,
  "learning_rate": 0.01,
  "weight_decay": 0.005,
  "dropout": 0.5,
  "hidden_dims": [
    16
  ],
  "architecture": "1433 \u2192 16 \u2192 7",
  "timestamp": "20250911_193155",
  "final_total_activation_time": 0.05021866659323374,
  "final_activation_times": {
    "activation1": 0.026688000187277794,
    "activation2": 0.02353066640595595
  }
}