{
    "activation": "Tanh",
    "final_train_loss": 0.04568789924621582,
    "final_train_acc": 0.98526,
    "final_val_loss": 0.3704285994529724,
    "final_val_acc": 0.9038,
    "activation_times": {
        "main_activation": 0.07057247342429851,
        "layer1_block0_activation1": 0.03218401458541878,
        "layer1_block0_activation2": 0.026613858007641003,
        "layer1_block1_activation1": 0.0233782440498607,
        "layer1_block1_activation2": 0.023122535465465,
        "layer2_block0_activation1": 0.0242328597571979,
        "layer2_block0_activation2": 0.02626121669451287,
        "layer2_block1_activation1": 0.025113355154629615,
        "layer2_block1_activation2": 0.026261216701298464,
        "layer3_block0_activation1": 0.021203759545375525,
        "layer3_block0_activation2": 0.022827774143772697,
        "layer3_block1_activation1": 0.021725785065245543,
        "layer3_block1_activation2": 0.023941479010917994,
        "layer4_block0_activation1": 0.01889492167356697,
        "layer4_block0_activation2": 0.021066316920001812,
        "layer4_block1_activation1": 0.0220312714196728,
        "layer4_block1_activation2": 0.02065095810545354
    },
    "avg_total_activation_time_per_forward_pass": 0.45008203972432975,
    "hyperparameters": {
        "batch_size": 128,
        "epochs": 90,
        "learning_rate": 0.1,
        "momentum": 0.9,
        "weight_decay": 0.0001
    }
}