{
  "model": "GNN",
  "dataset": "Cora",
  "activation": "LeakyReLU",
  "test_accuracy": 0.747,
  "final_train_accuracy": 0.7071428571428572,
  "final_val_accuracy": 0.694,
  "final_train_loss": 0.7901906371116638,
  "final_val_loss": 1.1617854833602905,
  "total_epochs": 200,
  "warmup_epochs": 10,
  "timing_epochs": 190,
  "learning_rate": 0.01,
  "weight_decay": 0.005,
  "dropout": 0.5,
  "hidden_dims": [
    16
  ],
  "architecture": "1433 \u2192 16 \u2192 7",
  "timestamp": "20250911_193202",
  "final_total_activation_time": 0.05107200021545092,
  "final_activation_times": {
    "activation1": 0.026997333392500877,
    "activation2": 0.024074666822950046
  }
}