{
    "activation": "ReLU",
    "final_train_loss": 0.004651905347891152,
    "final_train_acc": 0.9986,
    "final_val_loss": 0.4171903011322021,
    "final_val_acc": 0.9203,
    "activation_times": {
        "main_activation": 0.0436354098274951,
        "layer1_block0_activation1": 0.030760276916764254,
        "layer1_block0_activation2": 0.028186754097921166,
        "layer1_block1_activation1": 0.02561975955345646,
        "layer1_block1_activation2": 0.02666136247355267,
        "layer2_block0_activation1": 0.026540415281792917,
        "layer2_block0_activation2": 0.02693146807167048,
        "layer2_block1_activation1": 0.024589231359909793,
        "layer2_block1_activation2": 0.027548561001600247,
        "layer3_block0_activation1": 0.02258040068691464,
        "layer3_block0_activation2": 0.025712204023259258,
        "layer3_block1_activation1": 0.022385311528416062,
        "layer3_block1_activation2": 0.024797202206686655,
        "layer4_block0_activation1": 0.023142120276725357,
        "layer4_block0_activation2": 0.02607014937621485,
        "layer4_block1_activation1": 0.02526536983995951,
        "layer4_block1_activation2": 0.02575370485136092
    },
    "avg_total_activation_time_per_forward_pass": 0.45617970137370034,
    "hyperparameters": {
        "batch_size": 128,
        "epochs": 90,
        "learning_rate": 0.1,
        "momentum": 0.9,
        "weight_decay": 0.0001
    }
}