{
  "model": "GNN",
  "dataset": "Cora",
  "activation": "GELU",
  "test_accuracy": 0.747,
  "final_train_accuracy": 0.6071428571428571,
  "final_val_accuracy": 0.708,
  "final_train_loss": 0.9976112246513367,
  "final_val_loss": 1.154043197631836,
  "total_epochs": 200,
  "warmup_epochs": 10,
  "timing_epochs": 190,
  "learning_rate": 0.01,
  "weight_decay": 0.005,
  "dropout": 0.5,
  "hidden_dims": [
    16
  ],
  "architecture": "1433 \u2192 16 \u2192 7",
  "timestamp": "20250911_193157",
  "final_total_activation_time": 0.047263999159137406,
  "final_activation_times": {
    "activation1": 0.024789332722624142,
    "activation2": 0.022474666436513264
  }
}