{
  "model": "BERT",
  "dataset": "MNIST",
  "activation": "GELU",
  "final_train_accuracy": 0.9350740740740741,
  "final_val_accuracy": 0.9348333333333333,
  "final_train_loss": 0.20841303058237665,
  "final_val_loss": 0.21637717131401102,
  "epochs": 3,
  "learning_rate": 5e-05,
  "batch_size": 16,
  "num_encoders": 12,
  "num_heads": 12,
  "dimensionality": 768,
  "ffn_hidden": 3072,
  "architecture": "BERT: 12 encoders, 12 heads, FFN 768\u21923072\u2192768",
  "total_steps": 10125,
  "timestamp": "20250911_185711"
}